artist,id
Paul Wall,0
Chris Tomlin,1
Angie Stone,2
Tanya Tucker,3
David Crosby,4
Alejandro Escovedo,5
Thrice,6
Tori Amos,7
Jars Of Clay,8
Trans-Siberian Orchestra,9
Ted Nugent,10
Amerie,11
Jill Scott,12
Ice Cube,13
Halifax,14
Devo,15
Interpol,16
SuperHeavy,17
The Doors,18
Sugarland,19
Boz Scaggs,20
Michael Bolton,21
Bon Jovi,22
Sheryl Crow,23
Rogue Wave,24
Ellie Goulding,25
Mura Masa,26
Alan Jackson,27
4Him,28
Prince,29
Lauren Daigle,30
Dawes,31
Mormon Tabernacle Choir,32
Bee Gees,33
Hurt,34
Dropkick Murphys,35
King Curtis,36
Johnnie Taylor,37
Cameo,38
LSG,39
Lynyrd Skynyrd,40
Steely Dan,41
Jane's Addiction,42
DJ Clue,43
Soundgarden,44
Uriah Heep,45
David Houston,46
Vicente Fernandez,47
Little Big Town,48
Revis,49
North Mississippi Allstars,50
Toby Keith,51
Duff McKagan,52
Deborah Cox,53
Kamelot,54
Rickie Lee Jones,55
Red,56
Brian Culbertson,57
Eric Benet,58
Lynn Anderson,59
Mad Season,60
Shawnna,61
Biohazard,62
The Dead Weather,63
Keith Urban,64
James Galway,65
Ariel Pink,66
Kenny G,67
Wisin,68
Lauv,69
Gary Allan,70
Jennifer Lopez,71
Peter Frampton,72
Pixies,73
The Magnetic Fields,74
Snow,75
Mariah Carey,76
Donovan,77
Dave Edmunds,78
Yung Joc,79
NEEDTOBREATHE,80
Albert King,81
Kenny Chesney,82
Wavves,83
Tim McGraw,84
Warrant,85
KISS,86
Musiq Soulchild,87
New Found Glory,88
Terri Clark,89
Nils Lofgren,90
Fastway,91
Little Richard,92
Nick Lowe,93
Stevie Wonder,94
Quicksand,95
Amy Grant,96
MIKA,97
Justin Nozuka,98
Aimee Mann,99
Backstreet Boys,100
Various Artists,101
Soul Coughing,102
Queen,103
Future,104
Ghostface Killah,105
Leonard Nimoy,106
Me First And The Gimme Gimmes,107
Sparks,108
Our Lady Peace,109
Kodak Black,110
Joe Nichols,111
Ramsey Lewis,112
Dixie Chicks,113
Audio Adrenaline,114
Ministry,115
Cypress Hill,116
Boy Howdy,117
Sheena Easton,118
George Harrison,119
Waka Flocka Flame,120
Bad Religion,121
Jagged Edge,122
Todd Rundgren,123
Little Brother,124
Nanci Griffith,125
Jackson Browne,126
Ry Cooder,127
Justin Timberlake,128
Buck Owens,129
Everclear,130
Billy Paul,131
Judas Priest,132
Bob Seger,133
Switchfoot,134
Kid Rock,135
Tony Bennett,136
Steel Panther,137
Beenie Man,138
Steel Magnolia,139
Volbeat,140
A Tribe Called Quest,141
In This Moment,142
U2,143
Stereophonics,144
Chris Webby,145
Fastball,146
Stone Sour,147
Belly,148
Rhiannon Giddens,149
Vince Gill,150
The Blasters,151
Canibus,152
Robbie Robertson,153
Joe Jackson,154
Michael Jackson,155
Killswitch Engage,156
Wiz Khalifa,157
Donna Summer,158
Conor Oberst,159
Fred Hammond,160
Cam'ron,161
A Static Lullaby,162
The Lonely Island,163
Nina Gordon,164
Trivium,165
dada,166
Bob Dylan,167
Joe Walsh,168
William Murphy,169
Carly Simon,170
Amel Larrieux,171
Gary Numan,172
VNV Nation,173
Shannon Brown,174
The Calling,175
Maria Bamford,176
Kris Allen,177
Emmylou Harris,178
Avant,179
ZOEgirl,180
Death Cab For Cutie,181
Butcher Babies,182
Taylor Swift,183
Paulina Rubio,184
Chaka Khan,185
Great White,186
Andrea Bocelli,187
White Lion,188
Royal Tailor,189
Deodato,190
American Authors,191
Air Supply,192
Deep Purple,193
Robert Cray,194
Sara Evans,195
The Weeknd,196
Kurupt,197
Elvis Costello,198
Mark Morrison,199
Tears For Fears,200
Hank Williams III,201
Dan Fogelberg,202
Danzig,203
Dolly Parton,204
Nancy Sinatra,205
Keri Hilson,206
Natalie Grant,207
Kenny Wayne Shepherd,208
The O'Jays,209
Phillip Phillips,210
Goldfinger,211
Rick Ross,212
Commodores,213
The Prize Fighter Inferno,214
Rush,215
STRFKR,216
Leonard Cohen,217
Slick Rick,218
Dream Theater,219
Skyzoo,220
Van Morrison,221
Deerhunter,222
Bebo Norman,223
Kansas,224
Los Tigres del Norte,225
Mike Gordon,226
Ella Fitzgerald,227
Blackberry Smoke,228
Carole King,229
Bad Company,230
Aaron Neville,231
Lily Allen,232
Mary Mary,233
Stabbing Westward,234
Aerosmith,235
DMX,236
Jerry Reed,237
Teena Marie,238
2Cellos,239
Marvin Gaye,240
Hot Hot Heat,241
Children Of Bodom,242
Pam Tillis,243
Tasmin Archer,244
Foreigner,245
Marilyn Manson,246
Keyshia Cole,247
The Naked And Famous,248
Montgomery Gentry,249
Luis Coronel,250
Serj Tankian,251
Run The Jewels,252
Goo Goo Dolls,253
They Might Be Giants,254
Tennis,255
Bachman-Turner Overdrive,256
Agnetha Faltskog,257
Celine Dion,258
Wild Flag,259
The Firm,260
Jodeci,261
Robin Thicke,262
ABBA,263
Kamasi Washington,264
Clannad,265
Emeli Sande,266
Aaron Shust,267
Traffic,268
Steelheart,269
The Supremes,270
Tevin Campbell,271
Five Finger Death Punch,272
EPMD,273
Queensryche,274
Pat Benatar,275
New Edition,276
Zella Day,277
Lyle Lovett,278
Bruce Hornsby,279
Liars,280
Cher Lloyd,281
King Tuff,282
Chris Brown,283
Kenny Loggins,284
Stryper,285
Amber Pacific,286
Justin Hayward,287
Immortal,288
Eric Clapton,289
MeShell Ndegeocello,290
Humble Pie,291
Silverstein,292
Kacey Musgraves,293
Eric Church,294
DevilDriver,295
Jeremy Camp,296
Johnny Cash,297
Incubus,298
Nicki Minaj,299
Barbra Streisand,300
Rick James,301
Deitrick Haddon,302
Taking Back Sunday,303
Diane Birch,304
(+44),305
SWV,306
The Tallest Man On Earth,307
Crime Mob,308
I See Stars,309
Molly Hatchet,310
Styx,311
Village People,312
Hollywood Undead,313
Fleet Foxes,314
A Day To Remember,315
BTS,316
Sufjan Stevens,317
Demon Hunter,318
Melanie Martinez,319
Kottonmouth Kings,320
Daft Punk,321
Kidz Bop Kids,322
Nightwish,323
Intocable,324
Janet Jackson,325
Bratz,326
Patty Loveless,327
Counting Crows,328
Yellowcard,329
Gordon Lightfoot,330
50 Cent,331
Jennifer Warnes,332
Big Gipp,333
Lee Ritenour,334
Powerman 5000,335
Casting Crowns,336
How To Dress Well,337
Jadakiss,338
Home Free,339
Trina,340
Blue October,341
Conor Maynard,342
Elton John,343
Sepultura,344
Stevie Nicks,345
Gov't Mule,346
311,347
Buddy Guy,348
Helmet,349
Boosie BadAzz,350
Soulfly,351
Procol Harum,352
Elliott Yamin,353
Spirit,354
James McMurtry,355
Ying Yang Twins,356
Linda Davis,357
Old 97's,358
Moneybagg Yo,359
Hillsong UNITED,360
Whitney Houston,361
Dennis Wilson,362
PRhyme,363
6ix9ine,364
Mike Posner,365
Twiztid,366
Kreator,367
ScHoolboy Q,368
Pharoah Sanders,369
New Riders Of The Purple Sage,370
Donny Osmond,371
Tech N9ne,372
The Early November,373
Third Eye Blind,374
Mark Knopfler,375
The Raveonettes,376
Charli XCX,377
Rev Theory,378
Blue Oyster Cult,379
Theophilus London,380
Dropbox,381
Gretchen Wilson,382
Memphis Bleek,383
Bonnie Raitt,384
Pavement,385
Neil Diamond,386
Straight No Chaser,387
Prophet Jones,388
Demis Roussos,389
Showbread,390
Say Anything,391
Barbara Mandrell,392
Migos,393
Five For Fighting,394
Eric Hutchinson,395
Disciple,396
The Jacksons,397
Oingo Boingo,398
Baha Men,399
eels,400
Rage Against The Machine,401
Phil Ochs,402
Panda Bear,403
Kitaro,404
Dave Koz,405
Steppenwolf,406
Fourplay,407
Fifth Harmony,408
Paul McCartney,409
Triumph,410
Selena,411
Martina McBride,412
Charlotte Gainsbourg,413
Steel Pulse,414
Steve Earle,415
Ryan Adams,416
newsboys,417
Sarah Brightman,418
The Underachievers,419
David Bowie,420
Jon B,421
Charlie Rich,422
Nine Inch Nails,423
Joan Baez,424
Bizzy Bone,425
Wild Orchid,426
Lil Wayne,427
Jim Jones,428
Rebelution,429
Atmosphere,430
Slaves,431
Bridgit Mendler,432
Bonnie Tyler,433
Zac Brown Band,434
Mannie Fresh,435
Korn,436
Jack Johnson,437
Colton Dixon,438
Pharoahe Monch,439
King Diamond,440
Jason Derulo,441
Passion Pit,442
Good Charlotte,443
delirious?,444
Tripping Daisy,445
Tina Campbell,446
Jeff Carson,447
Courtney Barnett,448
iwrestledabearonce,449
Yolanda Adams,450
Material Issue,451
Rick Astley,452
Dark Lotus,453
Blake Shelton,454
Sam Phillips,455
Shanice,456
Michelle Williams,457
Gino Vannelli,458
Thin Lizzy,459
Catfish And The Bottlemen,460
Anthrax,461
Army Of Anyone,462
Julee Cruise,463
Joshua Radin,464
Brett Dennen,465
Arcade Fire,466
Etta James,467
Funkdoobiest,468
Dwight Yoakam,469
Willie Nelson,470
Blu Cantrell,471
Travis,472
Dada Life,473
Ingrid Michaelson,474
Redman,475
Marc Cohn,476
The Summer Set,477
Sara Bareilles,478
Toya,479
Brandy,480
The Cure,481
Chrisette Michele,482
Eagle-Eye Cherry,483
Foghat,484
Jefferson Starship,485
Winger,486
Usher,487
Live,488
Lil' Romeo,489
Joe Sample,490
Hole,491
Richard Thompson,492
Kem,493
Paul Westerberg,494
Dean Brody,495
Meghan Trainor,496
Thousand Foot Krutch,497
Coolio,498
Eminem,499
Alabama,500
Matthew Sweet,501
Foxygen,502
Weather Report,503
Neil Young,504
T-Pain,505
Gwen Stefani,506
Smile Empty Soul,507
The Friday Night Boys,508
Hum,509
Khalid,510
The Nixons,511
Nelly Furtado,512
Desiigner,513
Air,514
Point Of Grace,515
Joe Satriani,516
Them,517
Jamie Cullum,518
Roger McGuinn,519
Dominican Sisters Of Mary,520
Shyne,521
Brett Eldredge,522
Nina Simone,523
Charley Pride,524
Christina Aguilera,525
Saliva,526
Thursday,527
Meiko,528
Patty Griffin,529
Mastodon,530
Kishi Bashi,531
Atlas Genius,532
The Animals,533
Luis Enrique,534
Will Smith,535
Jenny And Johnny,536
Jimmy Buffett,537
Sandi Patty,538
Leona Lewis,539
Margo Price,540
Josh Turner,541
Morris Day,542
LeToya,543
Kip Moore,544
Liam Gallagher,545
Juelz Santana,546
The Head And The Heart,547
Nancy Wilson,548
Luther Vandross,549
Sting,550
Jerry Garcia,551
K Camp,552
Slim Thug,553
Alabama Shakes,554
Crowbar,555
Hands Like Houses,556
Mos Def,557
Enya,558
Elvis Presley,559
The Word Alive,560
Dashboard Confessional,561
Hatebreed,562
El Trono de Mexico,563
Coheed And Cambria,564
Chicago,565
Roger Daltrey,566
Do Or Die,567
Pretty Ricky,568
Ani DiFranco,569
Nivea,570
Tommy Shaw,571
Overkill,572
Torche,573
Cher,574
Michael Nesmith,575
Temples,576
As It Is,577
Howie Day,578
Guster,579
Alter Bridge,580
Sugar Ray,581
Foals,582
Fuel,583
John Anderson,584
The Corrs,585
Paramore,586
Devil You Know,587
Train,588
Missy Higgins,589
John Waite,590
Patton Oswalt,591
Tracy Chapman,592
112,593
Shwayze,594
John Denver,595
Dion,596
ZZ Top,597
Santana,598
Aretha Franklin,599
Paul Simon,600
The Crystal Method,601
US3,602
Perry Como,603
Uncle Kracker,604
Busta Rhymes,605
Def Leppard,606
Johnny Mathis,607
Neil Sedaka,608
Dean Martin,609
Flight Of The Conchords,610
Survivor,611
Bryan White,612
A Skylit Drive,613
Attack Attack!,614
Tenth Avenue North,615
Charlie Puth,616
Melanie Fiona,617
Blind Guardian,618
How To Destroy Angels,619
tUnE-YaRdS,620
Bobby Womack,621
The Doobie Brothers,622
The Apex Theory,623
Insane Clown Posse,624
Florida Georgia Line,625
Angel,626
Natalie Cole,627
Sammy Kershaw,628
The Brand New Heavies,629
It's A Beautiful Day,630
Lionel Richie,631
Jake Owen,632
5 Seconds Of Summer,633
Barenaked Ladies,634
Ludacris,635
deadmau5,636
Everlast,637
Teenage Fanclub,638
James Taylor,639
Black Label Society,640
Kiiara,641
Carrie Underwood,642
Lee Ann Womack,643
Kathleen Edwards,644
Ray Price,645
Craig Finn,646
Garbage,647
alt-J,648
David Banner,649
D4L,650
Phish,651
The Meters,652
The Neighbourhood,653
Brooke White,654
Little Feat,655
Metric,656
Blind Pilot,657
Merle Haggard,658
Sum 41,659
Joni Mitchell,660
Amanda Blank,661
Slipknot,662
Ty Herndon,663
Tyrese,664
Joe,665
Electrik Red,666
Diamond Rio,667
John Prine,668
Devin The Dude,669
John Hiatt,670
Blood Orange,671
Brotha Lynch Hung,672
Nickel Creek,673
Manchester Orchestra,674
Lenny Kravitz,675
Hooters,676
Herb Alpert,677
John Rich,678
Kat DeLuna,679
Diana Ross,680
Bucky Covington,681
Rooney,682
Aztec Camera,683
Tom Jones,684
Morgan Evans,685
Quicksilver Messenger Service,686
Lana Del Rey,687
WE the Kings,688
Gene Page,689
Phoenix,690
Newsted,691
Peter Wolf,692
Def Squad,693
Jaci Velasquez,694
Dru Hill,695
Jamey Johnson,696
Frank Sinatra,697
dead prez,698
TLC,699
Grandaddy,700
Birdman,701
Rascal Flatts,702
Drake White,703
Chris Janson,704
Rodney Atkins,705
BT,706
Tracy Lawrence,707
Sammy Hagar,708
After 7,709
Slayer,710
Young Dolph,711
Mayday Parade,712
Lady Gaga,713
Charlie Wilson,714
Shooter Jennings,715
Filter,716
Justin Bieber,717
Led Zeppelin,718
Darius Rucker,719
Annie Lennox,720
Madeleine Peyroux,721
Lighthouse,722
Billy Gilman,723
Daddy Yankee,724
Tower Of Power,725
Mogwai,726
Miranda Lambert,727
Brad Paisley,728
Troye Sivan,729
Dua Lipa,730
Espinoza Paz,731
David Bisbal,732
The Front Bottoms,733
Cheap Trick,734
Ozuna,735
Disturbed,736
Blues Traveler,737
TV On The Radio,738
Propaganda,739
Rick Trevino,740
Fugazi,741
Matisyahu,742
Rusted Root,743
Snap!,744
Stephen Stills,745
Atreyu,746
Kirk Franklin,747
Steven Curtis Chapman,748
Gerardo Ortiz,749
Ty England,750
Barry Manilow,751
Sebadoh,752
Tina Turner,753
Megadeth,754
Atlantic Starr,755
Seth MacFarlane,756
Sisyphus,757
The Murderers,758
Grateful Dead,759
Great Big Sea,760
Less Than Jake,761
Billy Ray Cyrus,762
Danny Gokey,763
Silversun Pickups,764
Jeff Buckley,765
King's X,766
Chris LeDoux,767
Black Milk,768
Hopsin,769
Andrew Peterson,770
Mandisa,771
Creedence Clearwater Revival,772
Bury Your Dead,773
Kylie Minogue,774
John Fogerty,775
The Men,776
10 Years,777
Chris Botti,778
Chickenfoot,779
Norma Jean,780
Faith Hill,781
Tom Tom Club,782
Alice In Chains,783
Jonny Lang,784
Minnie Riperton,785
The Alarm,786
Pinmonkey,787
Johnny Winter,788
Times Of Grace,789
Alison Wonderland,790
Poe,791
Los Lonely Boys,792
Kevin Spacey,793
Dave Matthews Band,794
Trapt,795
Sleater-Kinney,796
Sawyer Brown,797
Icehouse,798
The Ventures,799
Moby,800
Lil Yachty,801
Matt Nathanson,802
Rihanna,803
Never Shout Never,804
Alex Clare,805
Kaskade,806
Missing Persons,807
Elastica,808
James Cotton,809
YoungBloodZ,810
Billy Joel,811
Jim James,812
Donnie McClurkin,813
Jimi Hendrix,814
Goldfrapp,815
Suzanne Vega,816
Pitbull,817
Cannibal Corpse,818
Ray Davies,819
Rancid,820
Bette Midler,821
Smash Mouth,822
Bilal,823
Mystikal,824
Genius/GZA,825
Linda Ronstadt,826
Craig Campbell,827
Lesley Gore,828
Queens Of The Stone Age,829
Otis Redding,830
Heavens,831
Chief Keef,832
Keith Richards,833
Parliament,834
Alesana,835
Craig Morgan,836
the twilight singers,837
Son Volt,838
The Isley Brothers,839
Calibre 50,840
Chris Cagle,841
The Used,842
Ebony Eyez,843
Eva Cassidy,844
2NE1,845
Face To Face,846
Type O Negative,847
The Bears,848
Unwritten Law,849
Seether,850
The Get Up Kids,851
The Stylistics,852
Oasis,853
Mitch Hedberg,854
Colony House,855
The Byrds,856
Blue Cheer,857
Tom Waits,858
Michael Penn,859
21 Savage,860
The Menzingers,861
Tash,862
Nichole Nordeman,863
Alice Cooper,864
Green Day,865
Thalia,866
Jimmy Eat World,867
Anne Murray,868
2Pac,869
Rita Coolidge,870
Del Amitri,871
In Flames,872
Superchunk,873
Young Money,874
The Statler Brothers,875
Nick Jonas,876
Fiction Family,877
Tokyo Police Club,878
Al Green,879
Paolo Nutini,880
Foo Fighters,881
Post Malone,882
Ray Charles,883
Throwdown,884
Hoodie Allen,885
Vance Joy,886
Lindsay Ell,887
Rod Stewart,888
Hot Chip,889
Letters To Cleo,890
Mark Chesnutt,891
Dishwalla,892
Richard Marx,893
James Blunt,894
Tegan And Sara,895
Deana Carter,896
Shirley Murdock,897
Shinedown,898
Judy Collins,899
Madeon,900
Michael Buble,901
Clay Aiken,902
Night Ranger,903
Erasure,904
Robbie Williams,905
David Kersh,906
The Band Perry,907
Watsky,908
Ashley Tisdale,909
Calum Scott,910
Tom Keifer,911
Young Gunz,912
Kellie Coffey,913
Justin Townes Earle,914
Madness,915
Tamela Mann,916
Billy Talent,917
Simple Minds,918
Wolf Alice,919
L7,920
Trick Daddy,921
Anastacia,922
Monica,923
Color Me Badd,924
Steve Vai,925
Pinback,926
Rise Against,927
Jethro Tull,928
Rory Gallagher,929
Glen Campbell,930
Corrosion Of Conformity,931
twenty one pilots,932
Jay Critch,933
Jewel,934
Utada,935
Daughtry,936
Trey Songz,937
Jason Mraz,938
Goodie Mob,939
Titus Andronicus,940
Ashley Monroe,941
Taylor Dayne,942
Frank Zappa,943
The Style Council,944
Camper van Beethoven,945
Boney James,946
Cash Cash,947
Waxahatchee,948
Chelsea Wolfe,949
Starset,950
Calle 13,951
Mack 10,952
Marie Osmond,953
Drake,954
George Strait,955
Ozzy Osbourne,956
Paul Weller,957
Pete Townshend,958
Rhett Miller,959
Superchick,960
MDFMK,961
Juanes,962
Chloe X Halle,963
Mandy Moore,964
Electric Light Orchestra,965
Rehab,966
The Three Degrees,967
Marco Antonio Solis,968
Bryan Adams,969
John Mayer,970
BoA,971
The Mavericks,972
Jerry Jeff Walker,973
Adrenaline Mob,974
Organized Konfusion,975
Yoko Ono,976
Crossfade,977
Mali Music,978
Roxette,979
ABK,980
Jesse Powell,981
Leela James,982
Enrique Iglesias,983
Tenacious D,984
Cradle Of Filth,985
Ciara,986
Eddie Money,987
Emerson Drive,988
The Cab,989
Motorhead,990
Gaither Vocal Band,991
Bret Michaels,992
Band Of Horses,993
Tantric,994
Wyclef Jean,995
Nicholas David,996
Marques Houston,997
Clint Black,998
Car Seat Headrest,999
Dave Grusin,1000
Maino,1001
Head Automatica,1002
Muse,1003
Primus,1004
David Archuleta,1005
Pearl Jam,1006
Hiroshima,1007
Il Volo,1008
Transplants,1009
LP,1010
Dustin Lynch,1011
Brother Ali,1012
Fishbone,1013
Boondox,1014
Glenn Frey,1015
No Doubt,1016
Delta Spirit,1017
Kanye West,1018
Yo Gotti,1019
Opeth,1020
Audioslave,1021
Cold,1022
Billy Currington,1023
Widespread Panic,1024
matchbox 20,1025
Stone Temple Pilots,1026
Big Head Todd And The Monsters,1027
Preservation Hall Jazz Band,1028
Esham,1029
Firehouse,1030
Reba McEntire,1031
Kid Ink,1032
Sylvan Esso,1033
Kenny Rogers,1034
Sam Cooke,1035
Gloriana,1036
Young Jeezy,1037
Menudo,1038
"Drop Dead, Gorgeous",1039
LIGHTS,1040
Travis Tritt,1041
Golden Smog,1042
Red Hot Chili Peppers,1043
We Are The Fallen,1044
Havok,1045
Pure Prairie League,1046
Icona Pop,1047
Billy Childs,1048
Trey Anastasio,1049
Talking Heads,1050
Shawn Colvin,1051
Ice Nine Kills,1052
DragonForce,1053
Dusty Springfield,1054
The Letter Black,1055
Adina Howard,1056
Flo Rida,1057
Sevendust,1058
Default,1059
Cormega,1060
Destiny's Child,1061
Anuel AA,1062
Loretta Lynn,1063
Lou Gramm,1064
Britney Spears,1065
Jocelyn Enriquez,1066
Yanni,1067
Oh Land,1068
Grimes,1069
Funkadelic,1070
Theory Of A Deadman,1071
Hot Tuna,1072
Joe Budden,1073
Pig Destroyer,1074
Heart,1075
Lyfe Jennings,1076
Lisa Marie Presley,1077
Joan Osborne,1078
Chante Moore,1079
The Devil Wears Prada,1080
Frank Turner,1081
Edie Brickell,1082
Keith Sweat,1083
M2M,1084
Frankie Ballard,1085
Faster Pussycat,1086
The Wallflowers,1087
Herbie Hancock,1088
Jenni Rivera,1089
Boogie Down Productions,1090
Sia,1091
The Roots,1092
Coldplay,1093
Trace Adkins,1094
Gomez,1095
Bobby Vee,1096
Argent,1097
Iron Butterfly,1098
Karmin,1099
Chris Young,1100
James Bay,1101
Lene Lovich,1102
The Acacia Strain,1103
Jim Croce,1104
The Horrors,1105
Chet Atkins,1106
Ex Hex,1107
Andrae Crouch,1108
Anberlin,1109
Dave Alvin,1110
Minor Detail,1111
Mims,1112
The Lox,1113
Westlife,1114
The Ramones,1115
Berlin,1116
Blonde Redhead,1117
Franz Ferdinand,1118
Love Spit Love,1119
Reverend Horton Heat,1120
Luciano Pavarotti,1121
William Fitzsimmons,1122
Turk,1123
Motley Crue,1124
B5,1125
David Sanborn,1126
Rilo Kiley,1127
Mary Chapin Carpenter,1128
Silkk The Shocker,1129
Bassnectar,1130
Ringo Starr,1131
Angel Olsen,1132
Imagine Dragons,1133
Modern English,1134
Dan Hill,1135
Down,1136
R5,1137
Roger Taylor,1138
INXS,1139
Drive-By Truckers,1140
Melissa Etheridge,1141
Beck,1142
Paul Williams,1143
Starsailor,1144
The Outfield,1145
Tracy Byrd,1146
Gangsta Boo,1147
Nellie McKay,1148
Ginuwine,1149
Caedmon's Call,1150
Roger Creager,1151
Jude Cole,1152
Howard Jones,1153
The Partridge Family,1154
Field Mob,1155
Immature,1156
Senses Fail,1157
Buckcherry,1158
Rebbie Jackson,1159
Wilson Pickett,1160
Deniece Williams,1161
Attila,1162
Heather Nova,1163
Bob Mould,1164
RL Grime,1165
Nature,1166
Sawyer Fredericks,1167
Cassadee Pope,1168
Jessica Simpson,1169
Iggy Pop,1170
Sully Erna,1171
Steve Perry,1172
MadeinTYO,1173
This Wild Life,1174
Eazy-E,1175
Supertramp,1176
Obie Trice,1177
Killarmy,1178
Gladys Knight,1179
James Morrison,1180
Tracey Thorn,1181
Billy Idol,1182
Jackyl,1183
Madina Lake,1184
Caravan,1185
The Bangles,1186
Team Sleep,1187
John Lennon,1188
Hinder,1189
Mott The Hoople,1190
Broken Bells,1191
Blind Melon,1192
Randy Travis,1193
Sonny James,1194
Wilco,1195
Randy Rogers Band,1196
For Today,1197
Lila McCann,1198
Whitesnake,1199
Devendra Banhart,1200
Method Man,1201
Snow Patrol,1202
Yo La Tengo,1203
"Weird Al" Yankovic,1204
Hothouse Flowers,1205
Anthony Hamilton,1206
Tag Team,1207
Jackie Evancho,1208
Ray Stevens,1209
Brooke Valentine,1210
Cut Copy,1211
Geddy Lee,1212
Warren Zevon,1213
Dido,1214
Badly Drawn Boy,1215
Evanescence,1216
Walter Egan,1217
Rufio,1218
Golden Earring,1219
Teyana Taylor,1220
Domo Genesis,1221
A Great Big World,1222
2 Chainz,1223
The Sundays,1224
Kris Kristofferson,1225
SBTRKT,1226
Toni Braxton,1227
Dave Barnes,1228
Weezer,1229
Al Jarreau,1230
Lil Bow Wow,1231
The Main Ingredient,1232
Scar The Martyr,1233
Lil Baby,1234
Alkaline Trio,1235
Mason Jennings,1236
Mya,1237
Rob Zombie,1238
Hard Working Americans,1239
Pantera,1240
New York Dolls,1241
98 Degrees,1242
Pennywise,1243
Lone Justice,1244
Cross Canadian Ragweed,1245
Limp Bizkit,1246
KONGOS,1247
Gary Lewis And The Playboys,1248
Dionne Farris,1249
Detective,1250
All That Remains,1251
Traveling Wilburys,1252
OFF!,1253
Warpaint,1254
Jason Michael Carroll,1255
LeAnn Rimes,1256
Mindy McCready,1257
Chris Cornell,1258
Priscilla Ahn,1259
Indigo Girls,1260
Bobby Vinton,1261
Cyndi Lauper,1262
Damn Yankees,1263
George Thorogood,1264
Jake Bugg,1265
Susan Tedeschi,1266
Modest Mouse,1267
Metallica,1268
Grand Puba,1269
YG,1270
Coal Chamber,1271
PJ Harvey,1272
Ed Sheeran,1273
Meredith Brooks,1274
Fatboy Slim,1275
Edwin McCain,1276
Pierce The Veil,1277
Ras Kass,1278
Gloria Estefan,1279
Guided By Voices,1280
Wolfmother,1281
Placebo,1282
Rhett Akins,1283
Carolyn Dawn Johnson,1284
Naughty By Nature,1285
Black Country Communion,1286
Big Country,1287
Paul Kantner,1288
Kittie,1289
El DeBarge,1290
B-Legit,1291
The System,1292
Beartooth,1293
Ashes Divide,1294
Jedi Mind Tricks,1295
Epica,1296
Lady Antebellum,1297
Alacranes Musical,1298
Frightened Rabbit,1299
Red Dragon Cartel,1300
Electronic,1301
Yaz,1302
Soft Cell,1303
Nelly,1304
George Duke,1305
Ke$ha,1306
Chiodos,1307
Gogol Bordello,1308
All Time Low,1309
Phil Vassar,1310
Juliana Hatfield,1311
The Fixx,1312
Tom Petty,1313
Hilary Duff,1314
The Plot In You,1315
Eddie Vedder,1316
3OH!3,1317
Yes,1318
Portishead,1319
Linkin Park,1320
Kenny Lattimore,1321
Sean Price,1322
Atomic Rooster,1323
James Blake,1324
Harry Chapin,1325
Robert Earl Keen,1326
X,1327
The Books,1328
Dance Gavin Dance,1329
Camila,1330
The Click,1331
ABC,1332
Lara Fabian,1333
Jason Isbell,1334
3 Inches Of Blood,1335
Candlebox,1336
Lindsey Stirling,1337
Grinderman,1338
Dio,1339
Timeflies,1340
Astrud Gilberto,1341
Robin Trower,1342
Travis Barker,1343
Curtis Mayfield,1344
Z-Ro,1345
Real Friends,1346
Donald Byrd,1347
Pistol Annies,1348
Helix,1349
Garth Brooks,1350
Prozak,1351
Cream,1352
The Birthday Massacre,1353
Sara Groves,1354
Bri (Briana Babineaux),1355
Black Rebel Motorcycle Club,1356
Yvonne Elliman,1357
Carbon Leaf,1358
Last In Line,1359
Animal Collective,1360
GZA/Genius,1361
Engelbert Humperdinck,1362
Colbie Caillat,1363
Jeff Lorber,1364
The Distillers,1365
Collective Soul,1366
Ian Anderson,1367
Christina Perri,1368
Pet Shop Boys,1369
Taylor Hicks,1370
Miriam Makeba,1371
blessthefall,1372
Gerald Albright,1373
Kodaline,1374
Otep,1375
The Black Angels,1376
Young Love,1377
Velvet Revolver,1378
Tricky,1379
Jon Bellion,1380
JJ Doom,1381
The Black Dahlia Murder,1382
Salt-N-Pepa,1383
Mike Doughty,1384
The Cars,1385
Jeremih,1386
The Shirelles,1387
Bruce Springsteen,1388
Father John Misty,1389
Future Leaders Of The World,1390
Gloria Trevi,1391
Jeff Loomis,1392
Aventura,1393
Flyleaf,1394
Madonna,1395
Lifehouse,1396
Against Me!,1397
Ruben Studdard,1398
Gym Class Heroes,1399
Lucy Pearl,1400
36 Crazyfists,1401
Das EFX,1402
Tech N9ne Collabos,1403
Frankie Valli,1404
Gang Of Four,1405
Ra Ra Riot,1406
3 Doors Down,1407
Esperanza Spalding,1408
Story Of The Year,1409
Julio Iglesias,1410
NewSong,1411
Taproot,1412
Melba Moore,1413
Blindside,1414
George Jones,1415
Saves The Day,1416
Robert Palmer,1417
Hellogoodbye,1418
Anne-Marie,1419
Terrence Howard,1420
Armored Saint,1421
FFH,1422
Rixton,1423
Brian McKnight,1424
Rachel Platten,1425
Woodkid,1426
Kehlani,1427
Debbie Gibson,1428
MisterWives,1429
Crazy Frog,1430
Lori McKenna,1431
Art Garfunkel,1432
Toto,1433
Sharon Van Etten,1434
DJ Shadow,1435
The Motels,1436
Bow Wow,1437
Tha Alkaholiks,1438
Andy Gibb,1439
MxPx,1440
Animotion,1441
Ohio Players,1442
Haddaway,1443
Toby Lightman,1444
Master P,1445
Michelle Branch,1446
Ariana Grande,1447
Jermaine Stewart,1448
Ray LaMontagne,1449
Sin Bandera,1450
Mark Schultz,1451
Dionne Warwick,1452
Dream Street,1453
Asking Alexandria,1454
Sister Hazel,1455
Byron Cage,1456
Beach House,1457
Steve Winwood,1458
Miles Davis,1459
DJ Quik,1460
Miki Howard,1461
Black Tide,1462
Thom Yorke,1463
A Change Of Pace,1464
Lucy Hale,1465
Jessie J,1466
Rick Wakeman,1467
Emmure,1468
David Porter,1469
Paul Rodgers,1470
Bethel Music,1471
Jeff Tweedy,1472
AWOLNATION,1473
Jack Wagner,1474
Alana Davis,1475
Young The Giant,1476
Sean Paul,1477
Brandi Carlile,1478
Evans Blue,1479
Gnarls Barkley,1480
Wall Of Voodoo,1481
Talib Kweli,1482
Gaelic Storm,1483
Duffy,1484
Dierks Bentley,1485
Auf der Maur,1486
Pop Evil,1487
Copeland,1488
Carolina Liar,1489
Dire Straits,1490
Rob Thomas,1491
Xscape,1492
Okkervil River,1493
Flogging Molly,1494
Mungo Jerry,1495
Cursive,1496
Suicidal Tendencies,1497
Amos Lee,1498
Natalia Kills,1499
Murder By Death,1500
A R I Z O N A,1501
Alejandro Fernandez,1502
Compton's Most Wanted,1503
Exodus,1504
John Lee Hooker,1505
Luis Miguel,1506
Raekwon,1507
Cowboy Junkies,1508
Oh Wonder,1509
Man Man,1510
Sinead O'Connor,1511
Thievery Corporation,1512
Hezekiah Walker,1513
Esther Phillips,1514
Bob Marley,1515
Maria Muldaur,1516
Miguel,1517
Alphaville,1518
Fairport Convention,1519
Dorrough,1520
Randy Crawford,1521
Mat Kearney,1522
Psychedelic Furs,1523
Imogen Heap,1524
Superdrag,1525
Sarah Jarosz,1526
Crowder,1527
Porno For Pyros,1528
Vince Guaraldi Trio,1529
Cody Johnson,1530
Vanessa Carlton,1531
The Cadillac Three,1532
Simple Plan,1533
Bruce Willis,1534
Straylight Run,1535
Eagles Of Death Metal,1536
We Are The In Crowd,1537
Maren Morris,1538
Head East,1539
Fiona Apple,1540
Neko Case,1541
Gojira,1542
Warren G,1543
Concrete Blonde,1544
Thelma Houston,1545
Calexico,1546
Erra,1547
Pretenders,1548
Rednex,1549
City And Colour,1550
Lisa Stansfield,1551
Daryl Hall,1552
Joyce Manor,1553
Bloc Party,1554
Skizzy Mars,1555
Lil' Keke,1556
Saosin,1557
Arlo Guthrie,1558
David Gates,1559
Afrojack,1560
Lonestar,1561
John Butler Trio,1562
Donnie Klang,1563
Kat Edmonson,1564
Corey Smith,1565
Lee Dorsey,1566
Eddy Arnold,1567
Krayzie Bone,1568
Helloween,1569
Leeland,1570
System Of A Down,1571
Big Daddy Weave,1572
Perry Farrell,1573
Julie Roberts,1574
Kiki Dee,1575
Vince Staples,1576
Arctic Monkeys,1577
Jamie Foxx,1578
Norah Jones,1579
NxWorries,1580
America,1581
The Rembrandts,1582
Cold War Kids,1583
New Life Worship,1584
Maroon 5,1585
"Invent, Animate",1586
Lou Reed,1587
Shawn McDonald,1588
E-40,1589
Rich Boy,1590
Bobby Valentino,1591
Katatonia,1592
SHeDAISY,1593
Pimp C,1594
Lupe Fiasco,1595
Madvillain,1596
John Michael Montgomery,1597
REO Speedwagon,1598
3LW,1599
Kelly Rowland,1600
LL Cool J,1601
Jeffree Star,1602
William Michael Morgan,1603
Blessid Union Of Souls,1604
Extreme,1605
Soul For Real,1606
Tommy Bolin,1607
Joe Cocker,1608
The Killers,1609
Rammstein,1610
Ron Kenoly,1611
Faces,1612
Muddy Waters,1613
Boards Of Canada,1614
Freeway,1615
CHVRCHES,1616
The Adventures,1617
Pesado,1618
Jhene Aiko,1619
Neck Deep,1620
Big Sean,1621
Trombone Shorty,1622
Roy Orbison,1623
The Struts,1624
Joe Bonamassa,1625
Jerry Vale,1626
Iron Maiden,1627
Ratatat,1628
Big Tymers,1629
Nickelback,1630
Bebe Rexha,1631
Kelly Clarkson,1632
Jack's Mannequin,1633
Shiny Toy Guns,1634
The Wilkinsons,1635
Jennifer Hudson,1636
Cobra Starship,1637
Jenny Lewis,1638
Old Dominion,1639
Whiskey Myers,1640
Doyle Bramhall II,1641
Teddy Pendergrass,1642
Elliott Smith,1643
Patti LaBelle,1644
Melissa Manchester,1645
Hawk Nelson,1646
Amaranthe,1647
MKTO,1648
Papa Roach,1649
Shaggy 2 Dope,1650
Sherrie Austin,1651
T'Pau,1652
The Secret Sisters,1653
Baroness,1654
Alannah Myles,1655
Chelsea Grin,1656
Styles P,1657
Shania Twain,1658
Every Avenue,1659
Josh Groban,1660
Ces Cru,1661
Shakira,1662
Collin Raye,1663
Frank Black,1664
Lamb Of God,1665
Betty Who,1666
James,1667
Bring Me The Horizon,1668
A Perfect Circle,1669
Breaking Benjamin,1670
Famous Last Words,1671
Heather Headley,1672
Chase Rice,1673
Levon Helm,1674
Lindsey Buckingham,1675
Pink Floyd,1676
Sarah McLachlan,1677
Kesha,1678
Renaissance,1679
Sonic Youth,1680
Converge,1681
Charlotte Church,1682
Deafheaven,1683
Van Halen,1684
Phantogram,1685
Amici Forever,1686
Spice Girls,1687
Faith Evans,1688
Armin van Buuren,1689
Pat Monahan,1690
Vanessa Hudgens,1691
Rag'n'Bone Man,1692
Syleena Johnson,1693
Thunder,1694
Sam Hunt,1695
James Vincent McMorrow,1696
Jesse McCartney,1697
Tracie Spencer,1698
Peter Murphy,1699
Empire Of The Sun,1700
Bayside,1701
Bo Bice,1702
Gary's Gang,1703
Raphael Saadiq,1704
Kandi,1705
Howlin' Wolf,1706
Shai,1707
Rollins Band,1708
Scotty McCreery,1709
Sea Level,1710
Bat For Lashes,1711
Petula Clark,1712
Circa Survive,1713
Ben Kweller,1714
Fireworks,1715
Morrissey,1716
Memphis May Fire,1717
Rosanne Cash,1718
The Alan Parsons Project,1719
GTR,1720
Robert Johnson,1721
Fabolous,1722
Falling In Reverse,1723
Jonas Brothers,1724
Cat Stevens,1725
Will Downing,1726
Daryle Singletary,1727
Erick Sermon,1728
Chris Isaak,1729
Vain,1730
Toots And The Maytals,1731
Monty Python,1732
Vanilla Fudge,1733
Ronan Tynan,1734
Keb' Mo',1735
Halestorm,1736
Goatwhore,1737
Joss Stone,1738
Violent Femmes,1739
Adam Lambert,1740
Adam Sandler,1741
Punch Brothers,1742
Kiesza,1743
The Script,1744
Jonathan McReynolds,1745
Underoath,1746
Graham Parker,1747
Seal,1748
Skye Sweetnam,1749
OutKast,1750
Dispatch,1751
Merry Clayton,1752
Cheri Dennis,1753
AFI,1754
Hoobastank,1755
Bob Geldof,1756
88rising,1757
The Brian Setzer Orchestra,1758
Kings Of Leon,1759
George Hamilton IV,1760
Mannheim Steamroller,1761
Lee Brice,1762
Bastille,1763
Tesla,1764
Sarah Buxton,1765
Waylon Jennings,1766
Martika,1767
Unk,1768
Mireille Mathieu,1769
Katie Melua,1770
Loreena McKennitt,1771
La Bouche,1772
Roscoe Dash,1773
Andy Williams,1774
Grupo Bryndis,1775
Glenn Lewis,1776
Moby Grape,1777
From Autumn To Ashes,1778
Bleachers,1779
Sublime,1780
The Budos Band,1781
Flotsam And Jetsam,1782
The Dirty Heads,1783
Sick Puppies,1784
Anthony Green,1785
Craig David,1786
Ricky Martin,1787
Jason Castro,1788
Death Angel,1789
One Direction,1790
Thriving Ivory,1791
Conway Twitty,1792
Zach Williams,1793
Beth Orton,1794
Brian Setzer,1795
Destroyer,1796
Patsy Cline,1797
Onyx,1798
Silverchair,1799
John Fullbright,1800
Massive Attack,1801
Bombay Bicycle Club,1802
Del Shannon,1803
The Shins,1804
House Of Pain,1805
Skinny Puppy,1806
Sheppard,1807
The Clash,1808
Splender,1809
Mint Condition,1810
Luke Bryan,1811
Bobby Brown,1812
Next,1813
Matt Kennon,1814
James Brown,1815
The Internet,1816
Living Colour,1817
Joan Armatrading,1818
Bun-B,1819
Andrew Lloyd Webber,1820
Selah,1821
Tim Buckley,1822
Kathy Mattea,1823
HIM,1824
Divine Fits,1825
Suffocation,1826
Haste The Day,1827
Shaggy,1828
Blur,1829
Martin Page,1830
Blake Lewis,1831
Jose James,1832
Wishbone Ash,1833
CeCe Winans,1834
Lou Rawls,1835
Birdy,1836
Gillian Welch,1837
Unearth,1838
The Runaways,1839
Jerry Lee Lewis,1840
Estelle,1841
Ian Hunter,1842
Gorillaz,1843
Snoop Lion,1844
Lianne La Havas,1845
Leon Russell,1846
Jermaine Jackson,1847
Razorlight,1848
Alison Krauss,1849
He Is Legend,1850
Escape The Fate,1851
Young Thug,1852
The Cult,1853
Bone Thugs-N-Harmony,1854
Mase,1855
Fall Out Boy,1856
Robert Plant,1857
Company Of Thieves,1858
Lucinda Williams,1859
Chris Robinson Brotherhood,1860
Eamon,1861
Boyz II Men,1862
Fit For A King,1863
Eli Young Band,1864
Chely Wright,1865
Wade Bowen,1866
Dilated Peoples,1867
Jimmy Cliff,1868
The Black Keys,1869
BlackHawk,1870
The Paul Butterfield Blues Band,1871
Dead Or Alive,1872
The Dear Hunter,1873
Social Club Misfits,1874
Kid Cudi,1875
Krokus,1876
Ween,1877
The Melvins,1878
Eric Bellinger,1879
Basement Jaxx,1880
Big Brother And The Holding Company,1881
Eighteen Visions,1882
Yellowjackets,1883
Smokie Norful,1884
Kane Brown,1885
Foster The People,1886
Nazareth,1887
Kelis,1888
Luscious Jackson,1889
Ben Folds Five,1890
Jose Gonzalez,1891
Fee,1892
John Mayall,1893
Manu Dibango,1894
Youngstown,1895
Sammie,1896
Romeo Santos,1897
Plumb,1898
Royal Blood,1899
As Cities Burn,1900
David Crosby/Graham Nash,1901
Spin Doctors,1902
Marc Anthony,1903
Rodriguez,1904
Conjunto Primavera,1905
Juan Gabriel,1906
Ruff Endz,1907
Public Enemy,1908
Avril Lavigne,1909
David Lindley,1910
The Laurie Berkner Band,1911
Saving Abel,1912
Of Monsters And Men,1913
Earl Sweatshirt,1914
Illenium,1915
Nas,1916
damageplan,1917
Carl Thomas,1918
En Vogue,1919
Alvin Lee,1920
Rufus Wainwright,1921
Gunna,1922
The Wonder Years,1923
Black Veil Brides,1924
Julia Fordham,1925
Red Fang,1926
Gary Moore,1927
Daniel Caesar,1928
Journey,1929
Ozark Mountain Daredevils,1930
Quiet Riot,1931
Maurice White,1932
Snoop Dogg,1933
Heavy D,1934
Key Glock,1935
Morgan Wallen,1936
Deerhoof,1937
The Last Shadow Puppets,1938
Ne-Yo,1939
Brooke Fraser,1940
Lush,1941
Nick Lachey,1942
Cavalera Conspiracy,1943
Dreezy,1944
The Afghan Whigs,1945
Tiesto,1946
Ednita Nazario,1947
Sabrina Claudio,1948
Common,1949
New Years Day,1950
Hit The Lights,1951
Demi Lovato,1952
Twista,1953
Phantom Planet,1954
OK Go,1955
Avicii,1956
Parkway Drive,1957
Todd Dulaney,1958
The Colourist,1959
Death,1960
Clay Walker,1961
Phil Wickham,1962
Steps,1963
Il Divo,1964
Paul Young,1965
Richard Ashcroft,1966
Ella Mai,1967
Laura Bell Bundy,1968
Rend Collective,1969
Mac DeMarco,1970
Scarface,1971
Don Henley,1972
Cosculluela,1973
The Growlers,1974
Dokken,1975
Tora Tora,1976
XXXTENTACION,1977
Zaytoven,1978
Brandon Boyd,1979
Don McLean,1980
Them Crooked Vultures,1981
Parachute,1982
Nirvana,1983
Murderdolls,1984
Brutha,1985
Twin Shadow,1986
Margaret Whiting,1987
Chevelle,1988
Deftones,1989
Hawthorne Heights,1990
The Hush Sound,1991
Tiffany Evans,1992
Social Distortion,1993
Mike Shinoda,1994
Lloyd,1995
Relient K,1996
We Were Promised Jetpacks,1997
Roberta Flack,1998
The Devil Makes Three,1999
Grace Potter,2000
YoungBoy Never Broke Again,2001
Delta Rae,2002
Brandy Clark,2003
At The Gates,2004
August Burns Red,2005
Midnight Oil,2006
Jim Reeves,2007
12 Stones,2008
Cute Is What We Aim For,2009
Ottmar Liebert,2010
Enigma,2011
David Nail,2012
Johnny Gill,2013
People's Choice,2014
Swizz Beatz,2015
Cake,2016
Brand Nubian,2017
Ledisi,2018
Best Coast,2019
Los Tucanes de Tijuana,2020
Kimbra,2021
Billy Squier,2022
Beastie Boys,2023
K'Naan,2024
Underworld,2025
Travis Scott,2026
John Mellencamp,2027
Volcano Choir,2028
Regina Spektor,2029
The Smithereens,2030
Beyonce,2031
The Wanted,2032
Mazzy Star,2033
COIN,2034
Tamia,2035
Bush,2036
Jamie Lawson,2037
Killer Mike,2038
Anoushka Shankar,2039
Albert Hammond,2040
Aaron Lewis,2041
Michael Sweet,2042
Supergrass,2043
Unknown Mortal Orchestra,2044
Three 6 Mafia,2045
Black 47,2046
Tedashii,2047
Kelly Price,2048
Mikal Cronin,2049
Jimmy Smith,2050
John Berry,2051
Band Of Skulls,2052
Ben Rector,2053
Scott Weiland,2054
Donell Jones,2055
Ricardo Arjona,2056
Julianne Hough,2057
Del The Funky Homosapien,2058
Pat Green,2059
Low,2060
Megan Hilty,2061
The Irish Tenors,2062
Hurray For The Riff Raff,2063
Jamie Walters,2064
Shakey Graves,2065
Tove Lo,2066
Depeche Mode,2067
Sharon Jones And The Dap-Kings,2068
TesseracT,2069
The Babys,2070
Josh Wilson,2071
Pastor Troy,2072
Ben Folds,2073
Tank,2074
dc Talk,2075
Granger Smith,2076
Spoon,2077
Wayne Brady,2078
Poison,2079
Peter Tosh,2080
Rose Royce,2081
Maria McKee,2082
Tom Paxton,2083
KRS-One,2084
As I Lay Dying,2085
Shalamar,2086
Infectious Grooves,2087
Nappy Roots,2088
OneRepublic,2089
"Chunk! No, Captain Chunk!",2090
Meg Myers,2091
Blondie,2092
Tash Sultana,2093
The Gaslight Anthem,2094
Being As An Ocean,2095
Don Williams,2096
Kate Bush,2097
Glasvegas,2098
Crucial Conflict,2099
Peter Cincotti,2100
Drag-On,2101
Green River Ordinance,2102
Plies,2103
Chrissie Hynde,2104
Labelle,2105
My Chemical Romance,2106
Artie Lange,2107
Canaan Smith,2108
Cody Simpson,2109
Luis Fonsi,2110
Change,2111
Mtume,2112
Aaron Watson,2113
Jonas Blue,2114
General Public,2115
Sleigh Bells,2116
Slum Village,2117
Clarence Carter,2118
Jo Dee Messina,2119
Monifah,2120
Gerry And The Pacemakers,2121
Panic! At The Disco,2122
Staind,2123
Los Lobos,2124
Lil Dicky,2125
Trisha Yearwood,2126
David Gray,2127
Alexander O'Neal,2128
UGK,2129
Patrick Stump,2130
Patty Duke,2131
Remy Ma,2132
Orchestral Manoeuvres In The Dark,2133
Manu Chao,2134
6LACK,2135
Kate Voegele,2136
Austrian Death Machine,2137
2 Unlimited,2138
War,2139
Ambrosia,2140
The White Tie Affair,2141
Lewis Black,2142
Hidden In Plain View,2143
ANOHNI,2144
Todrick Hall,2145
Dwele,2146
Lincoln Brewster,2147
Third Day,2148
God Lives Underwater,2149
Sheck Wes,2150
Avalon,2151
Cascada,2152
Big Time Rush,2153
Black Sheep,2154
Bryan Ferry,2155
A Taste Of Honey,2156
Redlight King,2157
Knife Party,2158
3T,2159
Tapes 'n Tapes,2160
NOFX,2161
Lauren Alaina,2162
Blake Mills,2163
Lea Michele,2164
Jerry Cantrell,2165
Grieves,2166
Motionless In White,2167
Carly Rae Jepsen,2168
Dev,2169
Gucci Mane,2170
Melody Gardot,2171
Royce da 5'9",2172
Grand Funk Railroad,2173
The Sword,2174
LeToya Luckett,2175
Bruce Dickinson,2176
Smokey Robinson,2177
Yukmouth,2178
Josh Kelley,2179
Sidewalk Prophets,2180
Hanson,2181
Celtic Thunder,2182
Duelo,2183
Lady Sovereign,2184
Mitski,2185
Starship,2186
Le Tigre,2187
Bing Crosby,2188
Laura Nyro,2189
Carlene Carter,2190
Antonio Carlos Jobim,2191
Ziggy Marley,2192
Europe,2193
James Otto,2194
Karina,2195
Maluma,2196
Neal McCoy,2197
Clutch,2198
Ben Jelen,2199
Major Lazer,2200
Lostprophets,2201
Soilwork,2202
Ace Of Base,2203
Pepper,2204
Michael Henderson,2205
Built To Spill,2206
From Ashes To New,2207
The White Stripes,2208
John Paul White,2209
Lykke Li,2210
The Lumineers,2211
Eve 6,2212
Aaron Carter,2213
Citizen Cope,2214
Flume,2215
The Brothers Four,2216
The Naked Brothers Band,2217
Matthew West,2218
Ram Jam,2219
The Verve,2220
Bright Eyes,2221
The Strumbellas,2222
The Chieftains,2223
Adelitas Way,2224
Herman's Hermits,2225
Jerry Butler,2226
Tame Impala,2227
Periphery,2228
Motion City Soundtrack,2229
Andy Griggs,2230
Accept,2231
Gin Blossoms,2232
Three Days Grace,2233
Patti Smith,2234
Gravediggaz,2235
Digital Underground,2236
WALK THE MOON,2237
Gipsy Kings,2238
SafetySuit,2239
The Knickerbockers,2240
Gravity Kills,2241
Swing Out Sister,2242
BLACKstreet,2243
Ryan Cabrera,2244
Wynton Marsalis,2245
Shawn Mullins,2246
Robert Gordon,2247
The Ready Set,2248
Project Pat,2249
Kim Walker-Smith,2250
Buffy Sainte-Marie,2251
Andrew Bird,2252
Duran Duran,2253
Gary Wright,2254
Prefab Sprout,2255
Systematic,2256
Jeff Beck,2257
Boyzone,2258
Whitechapel,2259
'Til Tuesday,2260
Mobb Deep,2261
Celtic Woman,2262
Giant,2263
Logic,2264
Erykah Badu,2265
Every Time I Die,2266
Bread,2267
Kina Grannis,2268
Buju Banton,2269
Linda Eder,2270
Cage The Elephant,2271
Jeezy,2272
Cee Lo Green,2273
Jim Brickman,2274
Mad Skillz,2275
Alicia Keys,2276
Kellie Pickler,2277
Lou Donaldson,2278
Louis Armstrong,2279
Big L,2280
Little Texas,2281
Caleb Johnson,2282
Lakeside,2283
Chris Knight,2284
Jennifer Nettles,2285
Doug Stone,2286
Ready For The World,2287
Die Antwoord,2288
Dredg,2289
Cole Swindell,2290
Ben Harper,2291
The Glitch Mob,2292
Jessie James,2293
Jazmine Sullivan,2294
Vendetta Red,2295
Paul Banks,2296
Lower Dens,2297
DecembeRadio,2298
Tyga,2299
Tanita Tikaram,2300
Body Count,2301
McGruff,2302
Pusha T,2303
Jaron And The Long Road To Love,2304
Russ,2305
Norman Brown,2306
Rodney Carrington,2307
Jody Watley,2308
Local H,2309
Childish Gambino,2310
David Cook,2311
MFSB,2312
Dirty Pretty Things,2313
Meredith Andrews,2314
Cherrelle,2315
Black Kids,2316
Petra,2317
Rush Of Fools,2318
Pentatonix,2319
Brantley Gilbert,2320
Butch Walker,2321
Cody Jinks,2322
The Impressions,2323
La Arrolladora Banda el Limon de Rene Camacho,2324
Carman,2325
Dave East,2326
Meat Loaf,2327
Ronnie Wood,2328
Fever Tree,2329
Swollen Members,2330
Gorilla Zoe,2331
Mother's Finest,2332
Lil Jon,2333
Al Kooper,2334
Broken Social Scene,2335
Under The Influence Of Giants,2336
Phil Collins,2337
Brenton Wood,2338
Neon Trees,2339
Little Mix,2340
Brian Wilson,2341
Yael Naim,2342
Donny Hathaway,2343
Fischerspooner,2344
Modern Baseball,2345
Billy Ocean,2346
Teairra Mari,2347
Bay City Rollers,2348
Kevin Gates,2349
Pat Metheny,2350
Kate Nash,2351
Cassidy,2352
Godsmack,2353
Crystal Bowersox,2354
Paul Davis,2355
Gang Starr,2356
Tedeschi Trucks Band,2357
Niykee Heaton,2358
Black Light Burns,2359
Bjork,2360
Local Natives,2361
Changing Faces,2362
Elevation Worship,2363
Nikka Costa,2364
Deas Vail,2365
King Krule,2366
Glen Hansard,2367
Buena Vista Social Club,2368
Butthole Surfers,2369
My Morning Jacket,2370
Nitzinger,2371
Cactus,2372
Miike Snow,2373
Philly's Most Wanted,2374
Eric Carmen,2375
Jan Akkerman,2376
Jonatha Brooke,2377
Rick Springfield,2378
Jason Aldean,2379
Icon For Hire,2380
Gerald Levert,2381
James Durbin,2382
Paul Oakenfold,2383
Tinashe,2384
Wolf Parade,2385
Kreayshawn,2386
Loverboy,2387
From First To Last,2388
Olly Murs,2389
Misfits,2390
FKA twigs,2391
Bob James,2392
Quasimoto,2393
Pink Martini,2394
Nat King Cole,2395
The Heavy,2396
Monster Magnet,2397
Charles Kelley,2398
Hippo Campus,2399
Funeral For A Friend,2400
Genesis,2401
Arrested Development,2402
Lil Durk,2403
The xx,2404
Daniel Bedingfield,2405
The Whispers,2406
Josh Thompson,2407
Sabaton,2408
Crystal Gayle,2409
Temple Of The Dog,2410
Four Year Strong,2411
Miley Cyrus,2412
Natasha Bedingfield,2413
I Dont Know How But They Found Me,2414
Trent Willmon,2415
DIIV,2416
Daughter,2417
Fucked Up,2418
Sparta,2419
Manfred Mann,2420
Toad The Wet Sprocket,2421
Lou Bega,2422
Sundy Best,2423
Bloodhound Gang,2424
Aesop Rock,2425
Shelby Lynne,2426
Juice Newton,2427
Louis XIV,2428
Tal Bachman,2429
Beth Hart,2430
Kool Moe Dee,2431
Nothing But Thieves,2432
Keith Murray,2433
PJ Morton,2434
LCD Soundsystem,2435
Disclosure,2436
The Police,2437
Frankie J,2438
Bering Strait,2439
Oleander,2440
Mac Miller,2441
Poco,2442
Feist,2443
Eisley,2444
Swans,2445
Blaze Ya Dead Homie,2446
Cat Power,2447
Ibrahim Ferrer,2448
Marvin Sapp,2449
Gerard Way,2450
Blackfoot,2451
Antony And The Johnsons,2452
Neil Young/International Harvesters,2453
Trevor Hall,2454
Kutless,2455
Ballas Hough Band,2456
Crowded House,2457
Creed,2458
Stereomud,2459
Black Stone Cherry,2460
City Girls,2461
Carrie Lucas,2462
Suicide Silence,2463
Darren Hayes,2464
K7,2465
Revocation,2466
Avenged Sevenfold,2467
Ja Rule,2468
lovelytheband,2469
BORNS,2470
Peter Gabriel,2471
MC Lyte,2472
Magic,2473
Thornley,2474
Skepta,2475
Tom Cochrane,2476
Cracker,2477
Matt Maher,2478
Chris Stapleton,2479
Kevon Edmonds,2480
Jefferson Airplane,2481
Radiohead,2482
UB40,2483
Forever The Sickest Kids,2484
South Central Cartel,2485
Thomas Rhett,2486
Ratt,2487
The Ting Tings,2488
Halsey,2489
CSS,2490
Chic,2491
Oran 'Juice' Jones,2492
Jerry Garcia Band,2493
La Roux,2494
Magic Man,2495
Fantasia,2496
Olivia Newton-John,2497
Kevin Rudolf,2498
Steven Wilson,2499
Joel Crouse,2500
Purity Ring,2501
J Alvarez,2502
George Benson,2503
Stanley Clarke,2504
BrockHampton,2505
Norman Connors,2506
Sky Eats Airplane,2507
Soul II Soul,2508
Tremonti,2509
Tye Tribbett,2510
Buddy Holly,2511
Saxon,2512
Big Smo,2513
Ro James,2514
Revenge,2515
Jurassic 5,2516
Keane,2517
Acceptance,2518
Hot Chelle Rae,2519
Old Crow Medicine Show,2520
Blink-182,2521
Sheek Louch,2522
AZ,2523
Roberto Tapia,2524
The Chainsmokers,2525
Jordan Pruitt,2526
Adore Delano,2527
Smith,2528
Semisonic,2529
Saving Jane,2530
BarlowGirl,2531
Building 429,2532
The Countdown Kids,2533
Breathe Carolina,2534
Cibo Matto,2535
Damien Rice,2536
Rich Homie Quan,2537
Daryl Hall John Oates,2538
Susan Boyle,2539
Confederate Railroad,2540
Sturgill Simpson,2541
Within Temptation,2542
Christine McVie,2543
Tasha Page-Lockhart,2544
Flobots,2545
John Legend,2546
Further Seems Forever,2547
DARKSIDE,2548
Digable Planets,2549
Britt Nicole,2550
Hot Water Music,2551
Bobby McFerrin,2552
Leo Sayer,2553
Belle And Sebastian,2554
Life Of Agony,2555
Young Buck,2556
The Rocket Summer,2557
Earl Klugh,2558
Kierra '"KiKi" Sheard,2559
Phoebe Snow,2560
C+C Music Factory,2561
The Beatnuts,2562
Whiskeytown,2563
Peter Criss,2564
Ace Hood,2565
Fergie,2566
Kim Wilde,2567
LANY,2568
Deer Tick,2569
Israel Houghton,2570
Original Broadway Cast Recording,2571
Within The Ruins,2572
Jon Bon Jovi,2573
Days Of The New,2574
Chiddy Bang,2575
Special Ed,2576
Dar Williams,2577
Upchurch,2578
The Temptations,2579
Crystal Castles,2580
Ginger Baker's Air Force,2581
Gavin DeGraw,2582
Shuggie Otis,2583
Marc Almond,2584
Richie Sambora,2585
Seven Mary Three,2586
Jay Rock,2587
Kari Jobe,2588
DJ Khaled,2589
Derez De'Shon,2590
Amy MacDonald,2591
The Electric Prunes,2592
Nicole,2593
Blitzen Trapper,2594
Siggno,2595
Steve Wariner,2596
Alanis Morissette,2597
Amanda Perez,2598
Rittz,2599
Husker Du,2600
Prince Royce,2601
O'Ryan,2602
The Five Stairsteps,2603
Saint Motel,2604
Chick Corea,2605
Marian Hill,2606
Jeffrey Osborne,2607
Doves,2608
Sam Smith,2609
Fates Warning,2610
Tonic,2611
Better Than Ezra,2612
Billy Joe Shaver,2613
Randy Newman,2614
Natalie Merchant,2615
Twisted Sister,2616
Cassandra Wilson,2617
The Donnas,2618
Jesus Jones,2619
George Carlin,2620
Rita Wilson,2621
David Wilcox,2622
Anamanaguchi,2623
The Blackbyrds,2624
Bryson Tiller,2625
Eydie Gorme,2626
Isyss,2627
The Who,2628
Allan Sherman,2629
LOCASH,2630
Jens Lekman,2631
Lil Xan,2632
Ten Years After,2633
Chon,2634
Bob Carlisle,2635
The Judds,2636
Restless Heart,2637
Stories,2638
LFO,2639
Squeeze,2640
Steffany Gretzinger,2641
Tool,2642
Cimorelli,2643
Idina Menzel,2644
Arch Enemy,2645
The Cryan' Shames,2646
Lighter Shade Of Brown,2647
Ski Mask The Slump God,2648
Jack Garratt,2649
Harvey Danger,2650
Kinky Friedman,2651
Justin Guarini,2652
Jack White,2653
Crosses,2654
Brand X,2655
Koffee Brown,2656
Minus The Bear,2657
Long Beach Dub Allstars,2658
Sanctus Real,2659
Nobody's Angel,2660
Neneh Cherry,2661
The Vaccines,2662
Paris,2663
Blues Magoos,2664
Gary Go,2665
of Montreal,2666
Aqua,2667
Angela Winbush,2668
Nonpoint,2669
Midtown,2670
Babyface,2671
Josh Ritter,2672
Stephen Malkmus,2673
Sade,2674
Information Society,2675
Lynch Mob,2676
Gilberto Santa Rosa,2677
Brothers Osborne,2678
The Miracles,2679
Henry Mancini,2680
Sweetback,2681
Rakim,2682
Emily West,2683
Liz Phair,2684
Zendaya,2685
Falco,2686
Peter Allen,2687
Tori Kelly,2688
Don Omar,2689
Armor For Sleep,2690
Hayes Carll,2691
Cavo,2692
Stephen Lynch,2693
Canned Heat,2694
LTD,2695
Fat Joe,2696
Killah Priest,2697
Slightly Stoopid,2698
BoDeans,2699
Lenka,2700
Gene Loves Jezebel,2701
Stephen Bishop,2702
Mountain,2703
Lil Mosey,2704
Rex Smith,2705
JEFF The Brotherhood,2706
Rockpile,2707
Stanley Turrentine,2708
Feargal Sharkey,2709
Tina Arena,2710
London Grammar,2711
Drivin' N' Cryin',2712
King Tee,2713
Damone,2714
Eric Prydz,2715
The Chariot,2716
Alecia Elliott,2717
Bill Engvall,2718
Casey Abrams,2719
Honeymoon Suite,2720
Jeremy Jordan,2721
Bazzi,2722
Adrian Belew,2723
Sondre Lerche,2724
Graham Nash,2725
Sarina Paris,2726
Juvenile,2727
Luniz,2728
Fat Boys,2729
Chingy,2730
Amon Amarth,2731
Grace VanderWaal,2732
Pete Yorn,2733
Smallpools,2734
Emmy Rossum,2735
Over The Rhine,2736
Brooke Hogan,2737
Jeru The Damaja,2738
Allstar Weekend,2739
Chairlift,2740
KXM,2741
Donna Fargo,2742
Joey McIntyre,2743
The Amity Affliction,2744
Ned's Atomic Dustbin,2745
Pulp,2746
Passenger,2747
Baby Bash,2748
The Dirty Guv'nahs,2749
Gregg Allman,2750
Department Of Eagles,2751
Dirty,2752
Savatage,2753
Roger Waters,2754
Christopher Cross,2755
New Kids On The Block,2756
Rich The Kid,2757
Dem Franchize Boyz,2758
Playboi Carti,2759
Royksopp,2760
You+Me,2761
Camel,2762
Something Corporate,2763
Chris Mann,2764
Soul Asylum,2765
Tammy Wynette,2766
Vanessa Williams,2767
Turnover,2768
Spice 1,2769
Johnny Nash,2770
"Oh, Sleeper",2771
Laura Branigan,2772
Arc Angels,2773
Isaac Hayes,2774
Kill Hannah,2775
Fozzy,2776
Mark Lindsay,2777
Renee Olstead,2778
Brass Construction,2779
Tristan Prettyman,2780
Elbow,2781
The Boxer Rebellion,2782
The Interrupters,2783
Captain Beyond,2784
Lecrae,2785
NERO,2786
Group 1 Crew,2787
Jamie O'Neal,2788
Lobo,2789
Chris Lane,2790
Lord Huron,2791
Mary Lambert,2792
VAST,2793
Crystal Shawanda,2794
Lacuna Coil,2795
Simply Red,2796
Justin Moore,2797
Gary Jules,2798
Crash Test Dummies,2799
Fefe Dobson,2800
Paul Kantner/Jefferson Starship,2801
Machine Head,2802
Chamillionaire,2803
Trick Pony,2804
Against The Current,2805
Syd,2806
Rodrigo y Gabriela,2807
Carla Thomas,2808
Real McCoy,2809
White Lies,2810
The Tractors,2811
Kaleo,2812
Billy Dean,2813
KYLE,2814
Duane Allman,2815
City Boy,2816
The Marshall Tucker Band,2817
Miss May I,2818
Palaye Royale,2819
Ronnie Dunn,2820
Tangerine Dream,2821
Basia,2822
Champaign,2823
Raheem DeVaughn,2824
Bonobo,2825
Ashley McBryde,2826
Sarai,2827
The Turtles,2828
Japandroids,2829
Cartel,2830
Vangelis,2831
Billy Joe Royal,2832
Michael Grimm,2833
Utopia,2834
Darlene Love,2835
Shadows Fall,2836
Travis Greene,2837
Steve Holy,2838
10cc,2839
Mayer Hawthorne,2840
Wang Chung,2841
Joe Diffie,2842
Billy Cobham,2843
Fleetwood Mac,2844
Bowling For Soup,2845
Reel Big Fish,2846
Sabrina Carpenter,2847
Kelsea Ballerini,2848
Chantal Kreviazuk,2849
Glassjaw,2850
Clay Crosse,2851
Firefall,2852
Heatwave,2853
D'Angelo,2854
T-Connection,2855
John Hartford,2856
Jimmy Page,2857
999,2858
Lucius,2859
Sampha,2860
Alison Moyet,2861
Skid Row,2862
Robben Ford,2863
Wanda Jackson,2864
Girlschool,2865
Mat Zo,2866
China Crisis,2867
Cleopatra,2868
Andra Day,2869
Marty Robbins,2870
A Fine Frenzy,2871
Stereo Skyline!,2872
The National,2873
Bone Crusher,2874
TNT,2875
Dave Mason,2876
Tommy Lee,2877
Testament,2878
Camera Obscura,2879
Wet Wet Wet,2880
Urge Overkill,2881
The Gap Band,2882
Ronnie Montrose,2883
Mindless Self Indulgence,2884
Jennifer Hanson,2885
Peter Cetera,2886
Yeah Yeah Yeahs,2887
Fountains Of Wayne,2888
Carla Bruni,2889
Jukebox The Ghost,2890
Elle Varner,2891
Daley,2892
Surfer Blood,2893
The Afters,2894
Scritti Politti,2895
Marc Broussard,2896
Kristin Chenoweth,2897
Tego Calderon,2898
Loudon Wainwright III,2899
CKY,2900
Five Iron Frenzy,2901
Kevin Lyttle,2902
ZHU,2903
Michael McDonald,2904
Easton Corbin,2905
Jo Jo Gunne,2906
Bon Iver,2907
Spooky Tooth,2908
SZA,2909
Keith Carradine,2910
Jon Secada,2911
Quad City DJ's,2912
Skylar Grey,2913
Swedish House Mafia,2914
The Color Morale,2915
Jaden Smith,2916
Sha Na Na,2917
Sad Cafe,2918
Joan Sebastian,2919
Finger Eleven,2920
John Frusciante,2921
Edgar Winter,2922
Real Estate,2923
Avatar,2924
Tasha Cobbs Leonard,2925
Mitchel Musso,2926
Prong,2927
Atoms For Peace,2928
Shyheim,2929
Cocteau Twins,2930
David Byrne,2931
Wade Hayes,2932
Descendents,2933
Todd Agnew,2934
Three Dog Night,2935
Boston,2936
TSOL,2937
Ella Henderson,2938
At The Drive-In,2939
Ian Matthews,2940
Street Sweeper Social Club,2941
Wale,2942
Keith Anderson,2943
Todd Terje,2944
Lee Michaels,2945
Bad English,2946
Amy Winehouse,2947
Dave Hollister,2948
Bang Tango,2949
Odd Future,2950
Paula Cole,2951
Hail Mary Mallon,2952
Rufus,2953
Mike Ness,2954
Dethklok,2955
Flying Lotus,2956
Janis Joplin,2957
Jordin Sparks,2958
Gene Simmons,2959
Tyler Childers,2960
Autograph,2961
Trampled By Turtles,2962
Rocko,2963
Cheyenne Kimball,2964
Aaliyah,2965
Grace Jones,2966
Methods Of Mayhem,2967
Alexis Spight,2968
Los Bravos,2969
Lil' Zane,2970
Iggy Azalea,2971
Big Moe,2972
Frank Foster,2973
Metal Church,2974
Framing Hanley,2975
K'Jon,2976
After The Burial,2977
Troy Ave,2978
Shawn Mendes,2979
Skillet,2980
PVRIS,2981
Matt Redman,2982
Go Radio,2983
Statik Selektah,2984
Greg Laswell,2985
PnB Rock,2986
Brian Fallon,2987
The Ghost Of A Saber Tooth Tiger,2988
Dum Dum Girls,2989
KC And The Sunshine Band,2990
Herbie Mann,2991
Freedy Johnston,2992
April Wine,2993
Bauhaus,2994
Orleans,2995
The Ghost Inside,2996
Azealia Banks,2997
Metro Station,2998
Brian Courtney Wilson,2999
Wye Oak,3000
Foxy Brown,3001
Juice WRLD,3002
The Classic Crime,3003
Bronski Beat,3004
Lindemann,3005
Frankie Goes To Hollywood,3006
Krizz Kaliko,3007
Steve Howe,3008
American Head Charge,3009
Propagandhi,3010
Breathe,3011
CNCO,3012
Sass Jordan,3013
Perfume Genius,3014
Masta Ace Incorporated,3015
The Romantics,3016
Big Punisher,3017
Ana Gabriel,3018
Dianne Reeves,3019
Donna Lewis,3020
KT Tunstall,3021
DOOM,3022
The Horrible Crowes,3023
Inspectah Deck,3024
NCT 127,3025
Peter Bjorn And John,3026
Willie Hutch,3027
Eyehategod,3028
Chumbawamba,3029
Deltron 3030,3030
Jake Miller,3031
Kany Garcia,3032
Veruca Salt,3033
Cappadonna,3034
Slash's Snakepit,3035
George Michael,3036
The Weakerthans,3037
Jimmy Cozier,3038
Set It Off,3039
Chayanne,3040
Y&T,3041
Ritchie Valens,3042
Terry Reid,3043
Debbie Harry,3044
Ol' Dirty Bastard,3045
Full Force,3046
Mickey Newbury,3047
Plain White T's,3048
B*Witched,3049
Adele,3050
Cold Chisel,3051
Outlawz,3052
Paul Anka,3053
William McDowell,3054
Ocean,3055
One eskimO,3056
Duke Ellington,3057
Bond,3058
dog's eye view,3059
Odyssey,3060
Edwyn Collins,3061
Middle Brother,3062
Jerrod Niemann,3063
Bill Withers,3064
Too $hort,3065
Mae,3066
Jin,3067
BBMak,3068
Olga Tanon,3069
George Ezra,3070
Scissor Sisters,3071
Morningwood,3072
Barry White,3073
The Primitives,3074
Glenn Jones,3075
Sex Pistols,3076
Hugh Masekela,3077
Tone-Loc,3078
Paula DeAnda,3079
Ugly God,3080
Nik Kershaw,3081
Puddle Of Mudd,3082
Black Sabbath,3083
Jordan Smith,3084
Rebecca Lynn Howard,3085
LANCO,3086
Paula Abdul,3087
Jane Wiedlin,3088
Jet,3089
Sean Lennon,3090
Le'Andria Johnson,3091
Zedd,3092
Drowning Pool,3093
Patrice Rushen,3094
Stereo MC's,3095
The Gracious Few,3096
Ashlee Simpson,3097
Layzie Bone,3098
Dean Friedman,3099
School Of Fish,3100
Fiona,3101
Wild Belle,3102
3rd Bass,3103
Danger Radio,3104
Betraying The Martyrs,3105
4 Non Blondes,3106
Gerry Rafferty,3107
Silk,3108
Lalo Schifrin,3109
Sammy Adams,3110
Danielle Bradbery,3111
Wilbert Harrison,3112
Los Caminantes,3113
Taj Mahal,3114
The Tenors,3115
Jeff Lynne,3116
Aaron Lines,3117
Ronnie Milsap,3118
Animals As Leaders,3119
Bill Wyman,3120
Saint Asonia,3121
Pat Metheny Group,3122
Hoodoo Gurus,3123
Hailee Steinfeld,3124
John Klemmer,3125
Duncan Sheik,3126
MAX,3127
Tyler Hilton,3128
Raven-Symone,3129
J Mascis,3130
Percy Sledge,3131
YelaWolf,3132
Slaughterhouse,3133
Cactus World News,3134
Juicy J,3135
Roxy Music,3136
Mindy Smith,3137
Anderson East,3138
Frank Ocean,3139
Mitchell Tenpenny,3140
Porter Wagoner,3141
Tortoise,3142
Huey Mack,3143
NF,3144
The Swell Season,3145
Vaughan Brothers,3146
Jack Greene,3147
Editors,3148
Bo Burnham,3149
Vic Mensa,3150
First Aid Kit,3151
Climie Fisher,3152
Dessa,3153
Pablo Cruise,3154
Lloyd Banks,3155
Damon Albarn,3156
Wynn Stewart,3157
Zebra,3158
Aldo Nova,3159
Guerilla Black,3160
Bullet For My Valentine,3161
Kevin Fowler,3162
Tha Dogg Pound,3163
Josh Gracin,3164
Sugarcult,3165
Wes Montgomery,3166
Susanna Hoffs,3167
Tweedy,3168
Everlife,3169
Roy Buchanan,3170
Marianne Faithfull,3171
Meek Mill,3172
Ronnie Dove,3173
Parquet Courts,3174
EXO-K,3175
Naked Eyes,3176
Jennifer Love Hewitt,3177
Fugs,3178
Reba,3179
Elvin Bishop,3180
Nicole Atkins,3181
Brendan Benson,3182
Airbourne,3183
Katharine McPhee,3184
Failure,3185
Celia Cruz,3186
Watain,3187
Redbone,3188
Housefires,3189
Petey Pablo,3190
The Archies,3191
Galantis,3192
My Darkest Days,3193
Syreeta,3194
Yellow Claw,3195
Britny Fox,3196
Drew Holcomb And The Neighbors,3197
Lukas Graham,3198
Vanilla Ice,3199
Santigold,3200
The Staple Singers,3201
Jon McLaughlin,3202
Hey Violet,3203
Audio Two,3204
Aaron Tippin,3205
Lorrie Morgan,3206
Mushroomhead,3207
Aqualung,3208
Save Ferris,3209
kirstin,3210
Stella Soleil,3211
Candy Dulfer,3212
LAY,3213
Stereolab,3214
Bruno Mars,3215
Highlands Worship,3216
Maxwell,3217
"Tyler, The Creator",3218
Brownstone,3219
Trio,3220
Los Temerarios,3221
Ace Frehley,3222
Marty Stuart,3223
Ugly Kid Joe,3224
Red Wanting Blue,3225
Jess Glynne,3226
Mass Production,3227
Orgy,3228
Grouplove,3229
The Kinleys,3230
Larry The Cable Guy,3231
Danny Brown,3232
Vonda Shepard,3233
Grizzly Bear,3234
Millie Jackson,3235
Xzibit,3236
Kristinia DeBarge,3237
MC Eiht,3238
All-4-One,3239
Counterparts,3240
Surface,3241
Knuckle Puck,3242
Billie Eilish,3243
Bruce Cockburn,3244
Groove Theory,3245
Curren$Y,3246
Laura Story,3247
Benjamin Orr,3248
Brokencyde,3249
A Rocket To The Moon,3250
Bishop Briggs,3251
Lita Ford,3252
Gilbert O'Sullivan,3253
BABYMETAL,3254
Zero 7,3255
Rita Ora,3256
Court Yard Hounds,3257
Vinnie Paz,3258
Explosions In The Sky,3259
Lil Uzi Vert,3260
Fight,3261
Joshua Kadison,3262
Thy Art Is Murder,3263
Danielle Peck,3264
Cults,3265
BLACKPINK,3266
Nitty Gritty Dirt Band,3267
Dynamite Hack,3268
Out Of Eden,3269
Anthony David,3270
Sharon Needles,3271
Sebastian Bach,3272
Lake Street Dive,3273
Sweet Sensation,3274
The Rascals,3275
Meshuggah,3276
Macy Gray,3277
Corinne Bailey Rae,3278
Jidenna,3279
Rampage,3280
Jason Nelson,3281
Phora,3282
Black Joe Lewis,3283
Four Tops,3284
Fatty Koo,3285
EL VY,3286
Stephanie Mills,3287
Death Grips,3288
Darryl Worley,3289
Kristy Lee Cook,3290
Bobby Darin,3291
702,3292
Yellow Magic Orchestra,3293
Michael Franks,3294
New Order,3295
Freddie Gibbs,3296
David Ruffin,3297
Danger Doom,3298
CRU,3299
Saigon Kick,3300
Afroman,3301
Daniel Powter,3302
Blue Merle,3303
Bryant Myers,3304
Sleeping With Sirens,3305
The Piano Guys,3306
AJR,3307
Blue Murder,3308
Emblem3,3309
Tamar Braxton,3310
Hal Ketchum,3311
Quincy Jones,3312
Elephant Man,3313
Brian McComas,3314
The Maine,3315
2AM Club,3316
Brett Young,3317
mansionz,3318
Ellie Holcomb,3319
Van Mccoy,3320
Tessanne Chin,3321
PHOX,3322
Jon Pardi,3323
Sixpence None The Richer,3324
Billy Bragg,3325
India,3326
Pete Seeger,3327
Vivian Green,3328
Lorde,3329
Ashanti,3330
Baltimora,3331
Milky Chance,3332
Smut Peddlers,3333
Brenda Lee,3334
Beirut,3335
A*Teens,3336
Tony Banks,3337
Savoy Brown,3338
Iced Earth,3339
Boys Night Out,3340
Jann Arden,3341
Emarosa,3342
Kalin And Myles,3343
Spiritualized,3344
Sage The Gemini,3345
The Fratellis,3346
Nine Days,3347
Guns N' Roses,3348
The Knack,3349
Jacob Sartorius,3350
Bob Welch,3351
Sinai Beach,3352
Jorja Smith,3353
Rings Of Saturn,3354
Walker Hayes,3355
Despised Icon,3356
Robbie Nevil,3357
Laurie Anderson,3358
King Floyd,3359
Hugh Laurie,3360
Incredible String Band,3361
Sugar,3362
Ryan Bingham,3363
Riddlin' Kids,3364
Gamma,3365
Yo-Yo Ma,3366
Wham!,3367
Big Mountain,3368
Banks,3369
The Dramatics,3370
Ibeyi,3371
Booker T,3372
Jamiroquai,3373
Gentle Giant,3374
Blaque,3375
Fu-Schnickens,3376
Tony MacAlpine,3377
Norman Greenbaum,3378
Bad Boy's Da Band,3379
Kardinal Offishall,3380
Ours,3381
GoldLink,3382
Sean Kingston,3383
Candlemass,3384
Mongo Santamaria,3385
Our Last Night,3386
Kelela,3387
Ill Nino,3388
Stone Temple Pilots With Chester Bennington,3389
The Faint,3390
Junior,3391
Egypt Central,3392
pureNRG,3393
Lil' Flip,3394
Martha Munizzi,3395
A Flock Of Seagulls,3396
Billy Preston,3397
Billie Myers,3398
Colby O'Donis,3399
Sisqo,3400
Duane Eddy,3401
Machine Gun Kelly,3402
A Boogie Wit da Hoodie,3403
Strung Out,3404
Little Dragon,3405
Dead By Sunrise,3406
Lit,3407
Holly Williams,3408
Trevor Rabin,3409
Neon Indian,3410
Stacie Orrico,3411
Title Fight,3412
Ice-T,3413
Eddie Rabbitt,3414
Bad Suns,3415
House Of Lords,3416
We Came As Romans,3417
Matt Wertz,3418
Salty Dog,3419
Death From Above 1979,3420
Case,3421
K's Choice,3422
Mudvayne,3423
Wayman Tisdale,3424
Jimmy Needham,3425
